i,A_i,j,A_j,fn,cn,segment_i,segment_j,probability
57,N,60,Y,0,1.134782,A,A,0.9999999999886918
63,Q,67,N,0,0.9996010000000001,A,A,0.9999999960366536
55,K,56,S,0,0.9285680000000001,A,A,0.9999999378108332
37,N,65,A,0,0.884094,A,A,0.9999996882496177
54,K,56,S,0,0.8481280000000001,A,A,0.999998920607508
51,D,52,K,0,0.807655,A,A,0.9999959067477986
44,R,46,D,0,0.798465,A,A,0.9999945116330464
62,L,85,S,0,0.789954,A,A,0.9999928207192861
32,D,34,M,0,0.779684,A,A,0.9999901112974869
85,S,86,V,0,0.779474,A,A,0.9999900467793694
31,R,58,A,0,0.757487,A,A,0.9999805255329981
14,K,42,K,0,0.753464,A,A,0.9999780260644435
22,N,24,H,0,0.713184,A,A,0.9999288685004412
27,T,28,T,0,0.694451,A,A,0.9998796917941599
70,E,77,K,0,0.664032,A,A,0.9997250993367585
37,N,64,N,0,0.654999,A,A,0.9996508321403033
59,H,81,P,0,0.643964,A,A,0.9995341191060937
50,F,52,K,0,0.638472,A,A,0.9994630348779591
41,H,46,D,0,0.628292,A,A,0.9993031788654234
93,S,96,T,0,0.6213029999999999,A,A,0.9991682779816544
